Model,MSE,RMSE,MAPE
LSTM,2.3325134229623772e-05,0.00482961015296512,0.03829176667119958
ARIMA,2.807416987928818e-05,0.005298506381923889,0.04306112811264307
