Model,R2,MSE,RMSE,MAPE
Random Forest,-0.004325273165083798,0.0009974817756456052,0.03158293488017865,0.32310657100100504
XGBoost,-7.748603820800781e-05,0.00099326285543116,0.031516072969695316,0.32187905423914237
